{"stat.mineBlock.80":1,"stat.mineBlock.76":7,"achievement.openInventory":422,"stat.mineBlock.67":4,"stat.useItem.279":7,"stat.damageDealt":2225,"stat.useItem.3":50,"achievement.exploreAllBiomes":{"value":0,"progress":["Plains"]},"stat.mineBlock.35":1,"stat.useItem.404":3,"stat.useItem.323":7,"stat.craftItem.58":1,"stat.fallOneCm":19598,"stat.flyOneCm":707557,"stat.useItem.78":3,"stat.useItem.69":13,"stat.climbOneCm":3576,"stat.craftItem.263":1,"stat.drop":242,"stat.mineBlock.61":6,"stat.damageTaken":18203,"stat.useItem.47":51,"stat.useItem.4":13,"stat.useItem.76":27,"stat.useItem.356":24,"achievement.mineWood":8,"stat.mineBlock.17":16,"stat.killEntity.Villager":2,"stat.useItem.61":12,"stat.useItem.85":4,"stat.useItem.80":2,"stat.useItem.116":1,"stat.craftItem.1":92,"stat.useItem.383":396,"stat.mineBlock.47":4,"stat.mineBlock.13":11,"stat.playOneMinute":420674,"stat.deaths":3,"stat.mineBlock.3":86,"stat.useItem.58":7,"stat.swimOneCm":3886,"stat.mobKills":7,"stat.horseOneCm":139329,"stat.walkOneCm":689959,"stat.killEntity.Zombie":5,"stat.useItem.35":1,"stat.useItem.359":15,"stat.useItem.7":3,"stat.jump":1252,"stat.useItem.1":1,"stat.useItem.331":50,"stat.mineBlock.102":2,"stat.useItem.137":5,"stat.mineBlock.4":133,"stat.mineBlock.5":45,"stat.mineBlock.44":4,"stat.craftItem.61":3}