{"stat.mineBlock.80":1,"achievement.openInventory":145,"stat.useItem.279":7,"stat.mineBlock.67":3,"stat.damageDealt":1815,"stat.useItem.3":33,"achievement.exploreAllBiomes":{"value":0,"progress":["Plains"]},"stat.useItem.404":2,"stat.mineBlock.35":1,"stat.useItem.323":7,"stat.craftItem.58":1,"stat.fallOneCm":11222,"stat.flyOneCm":319127,"stat.useItem.78":3,"stat.useItem.69":12,"stat.craftItem.263":1,"stat.drop":130,"stat.mineBlock.61":6,"stat.damageTaken":1700,"stat.useItem.4":13,"stat.useItem.76":14,"stat.useItem.80":2,"stat.craftItem.1":92,"stat.useItem.356":4,"stat.useItem.383":16,"achievement.mineWood":1,"stat.killEntity.Villager":2,"stat.mineBlock.17":8,"stat.mineBlock.13":2,"stat.playOneMinute":124173,"stat.useItem.61":12,"stat.mineBlock.3":62,"stat.useItem.58":5,"stat.swimOneCm":2188,"stat.mobKills":7,"stat.horseOneCm":96242,"stat.walkOneCm":295975,"stat.killEntity.Zombie":5,"stat.useItem.35":1,"stat.useItem.359":15,"stat.useItem.7":2,"stat.jump":819,"stat.useItem.1":1,"stat.useItem.331":31,"stat.mineBlock.102":2,"stat.useItem.137":5,"stat.mineBlock.4":104,"stat.mineBlock.5":39,"stat.mineBlock.44":4,"stat.craftItem.61":3}